FriendShip Between,Common Friends
61+38,3
61+51,3
61+10,4
61+26,4
61+9,3
61+48,3
61+43,2
61+54,5
61+53,4
61+65,2
61+24,2
61+4,4
61+41,2
61+58,3
61+18,5
61+52,2
61+28,6
61+19,6
61+32,4
61+22,2
61+44,1
61+20,4
61+39,3
61+42,4
61+29,1
61+15,4
61+12,3
61+46,3
61+64,2
61+59,2
61+34,5
61+35,3
61+8,4
61+11,4
61+57,1
61+27,3
61+33,5
61+49,4
61+50,2
61+25,1
61+55,2
61+13,3
61+31,2
61+47,2
61+40,2
61+1,4
61+45,4
61+23,2
38+61,3
38+16,3
38+7,2
38+10,3
38+26,4
38+63,2
38+6,2
38+43,6
38+36,2
38+54,2
38+65,2
38+30,4
38+24,2
38+4,4
38+41,4
38+58,1
38+28,7
38+19,3
38+44,2
38+20,4
38+17,2
38+39,1
38+42,2
38+29,4
38+15,2
38+12,3
38+64,3
38+34,2
38+8,3
38+11,4
38+62,2
38+27,3
38+33,3
38+49,4
38+50,4
38+37,2
38+25,5
38+55,3
38+5,2
38+47,5
38+60,5
38+3,4
38+40,2
38+1,4
38+45,2
38+23,2
16+61,1
16+38,3
16+7,2
16+56,3
16+51,5
16+10,1
16+26,4
16+9,6
16+21,5
16+14,2
16+48,5
16+36,3
16+54,4
16+30,2
16+24,4
16+41,2
16+18,3
16+52,4
16+28,3
16+2,3
16+32,1
16+22,3
16+20,3
16+17,4
16+39,4
16+12,5
16+46,6
16+64,3
16+59,5
16+34,3
16+35,4
16+11,2
16+62,6
16+33,6
16+49,5
16+50,3
16+37,3
16+25,4
16+13,5
16+5,4
16+47,3
16+60,5
16+3,5
16+40,1
16+1,5
16+45,3
16+23,4
7+38,2
7+16,2
7+56,2
7+51,4
7+10,2
7+26,4
7+21,2
7+63,1
7+14,1
7+6,1
7+48,4
7+54,2
7+53,4
7+65,4
7+30,1
7+4,1
7+41,2
7+18,3
7+52,2
7+28,3
7+2,4
7+19,1
7+32,1
7+22,1
7+44,3
7+20,4
7+29,1
7+15,2
7+12,2
7+46,2
7+35,4
7+8,1
7+11,1
7+62,3
7+27,2
7+33,4
7+49,2
7+50,1
7+25,3
7+55,3
7+13,2
7+5,2
7+31,1
7+47,3
7+60,1
7+40,3
7+1,6
7+45,4
7+23,3
56+61,3
56+16,3
56+7,2
56+51,2
56+10,2
56+26,2
56+21,5
56+6,2
56+48,2
56+43,3
56+36,3
56+54,3
56+53,3
56+65,1
56+30,4
56+24,1
56+58,3
56+2,2
56+19,3
56+32,2
56+22,4
56+44,2
56+20,1
56+17,3
56+42,2
56+29,2
56+15,5
56+12,2
56+46,2
56+64,4
56+35,2
56+8,1
56+11,4
56+62,5
56+33,3
56+49,2
56+50,4
56+25,3
56+55,1
56+13,3
56+5,4
56+31,2
56+47,1
56+40,4
56+1,5
56+45,3
56+23,2
51+61,3
51+16,5
51+7,4
51+56,2
51+10,4
51+26,6
51+9,1
51+21,4
51+63,2
51+14,1
51+48,1
51+43,1
51+36,2
51+54,4
51+53,2
51+65,1
51+30,2
51+24,2
51+58,3
51+18,3
51+52,5
51+28,3
51+2,2
51+32,2
51+22,5
51+44,5
51+20,1
51+39,3
51+15,1
51+46,2
51+64,4
51+59,3
51+8,2
51+11,3
51+57,1
51+62,4
51+27,5
51+49,2
51+50,2
51+37,2
51+25,3
51+13,4
51+5,3
51+31,1
51+60,5
51+40,3
51+1,7
51+45,1
10+61,4
10+38,3
10+16,1
10+56,2
10+51,4
10+26,5
10+9,5
10+63,2
10+14,3
10+6,3
10+48,3
10+43,2
10+36,3
10+53,2
10+65,1
10+24,1
10+4,2
10+58,2
10+52,3
10+28,3
10+2,7
10+19,2
10+32,3
10+22,4
10+44,2
10+17,1
10+39,2
10+29,3
10+15,3
10+12,3
10+46,1
10+64,4
10+59,2
10+35,2
10+8,1
10+11,4
10+57,1
10+27,3
10+33,3
10+49,2
10+50,3
10+25,2
10+5,4
10+31,2
10+47,2
10+60,2
10+3,5
10+40,5
10+45,4
26+38,4
26+7,4
26+56,2
26+51,6
26+10,5
26+9,4
26+21,3
26+6,5
26+48,6
26+43,2
26+36,4
26+54,3
26+53,4
26+65,4
26+4,1
26+58,3
26+18,6
26+52,3
26+28,3
26+32,3
26+22,5
26+44,5
26+20,4
26+17,2
26+39,2
26+42,4
26+29,3
26+15,1
26+46,5
26+64,3
26+11,3
26+57,4
26+62,4
26+27,6
26+33,4
26+50,5
26+37,2
26+25,6
26+55,1
26+13,4
26+60,6
26+3,5
26+40,7
26+45,3
9+38,5
9+16,6
9+56,4
9+51,1
9+10,5
9+26,4
9+21,7
9+14,4
9+6,7
9+48,2
9+54,4
9+53,3
9+65,2
9+30,2
9+24,1
9+4,6
9+41,5
9+58,3
9+18,8
9+28,8
9+2,8
9+19,5
9+22,2
9+17,4
9+29,6
9+15,6
9+12,6
9+46,4
9+64,5
9+34,3
9+35,6
9+8,3
9+57,2
9+33,3
9+49,3
9+50,5
9+55,3
9+5,8
9+47,7
9+60,1
9+3,4
9+1,3
9+45,3
9+23,3
21+38,3
21+16,5
21+56,5
21+51,4
21+10,3
21+26,3
21+48,3
21+43,1
21+36,4
21+54,4
21+53,4
21+30,2
21+24,1
21+4,8
21+58,4
21+18,5
21+28,5
21+2,5
21+19,3
21+22,1
21+20,3
21+17,3
21+39,3
21+42,3
21+12,6
21+46,2
21+64,4
21+59,5
21+34,3
21+35,3
21+8,2
21+11,3
21+57,1
21+33,4
21+49,3
21+50,2
21+37,2
21+13,3
21+5,6
21+31,5
21+3,4
21+40,3
21+1,3
21+45,4
21+23,5
63+16,3
63+7,1
63+56,4
63+51,2
63+26,1
63+9,2
63+14,1
63+6,2
63+48,3
63+43,3
63+36,2
63+54,3
63+65,2
63+30,3
63+24,2
63+58,2
63+18,1
63+52,2
63+2,2
63+32,2
63+17,1
63+39,3
63+42,1
63+29,2
63+15,3
63+12,3
63+46,2
63+64,2
63+59,2
63+8,2
63+11,3
63+57,1
63+62,5
63+27,2
63+33,2
63+49,1
63+50,4
63+37,2
63+25,2
63+55,2
63+13,1
63+5,1
63+47,1
63+60,3
63+40,3
63+1,2
63+45,2
14+61,4
14+16,2
14+56,1
14+51,1
14+10,3
14+9,4
14+21,3
14+63,1
14+6,2
14+48,2
14+43,1
14+36,1
14+53,3
14+30,2
14+4,3
14+41,1
14+58,1
14+18,2
14+52,1
14+28,3
14+2,3
14+19,3
14+32,2
14+22,1
14+20,2
14+17,2
14+39,3
14+42,2
14+29,1
14+15,3
14+12,2
14+46,3
14+64,1
14+59,2
14+34,2
14+35,3
14+8,1
14+11,1
14+27,4
14+33,2
14+49,1
14+50,1
14+55,1
14+13,1
14+5,4
14+31,3
14+47,1
14+60,1
14+40,2
14+1,2
14+45,2
6+38,2
6+56,2
6+26,5
6+9,7
6+21,2
6+14,2
6+48,3
6+43,1
6+36,1
6+53,2
6+65,1
6+30,1
6+24,1
6+4,3
6+41,2
6+58,1
6+18,5
6+28,4
6+2,5
6+19,5
6+32,1
6+22,3
6+20,1
6+17,1
6+42,2
6+29,2
6+15,3
6+12,3
6+46,1
6+64,3
6+59,2
6+8,3
6+57,1
6+62,1
6+27,5
6+33,1
6+49,1
6+50,4
6+37,2
6+25,1
6+5,6
6+31,1
6+47,4
6+3,1
6+40,3
6+45,2
6+23,1
48+61,3
48+38,2
48+16,5
48+7,4
48+56,2
48+51,1
48+21,3
48+63,3
48+14,2
48+6,3
48+43,2
48+54,4
48+65,4
48+4,4
48+18,4
48+52,1
48+28,4
48+2,6
48+19,4
48+32,5
48+22,1
48+20,5
48+17,2
48+39,3
48+42,4
48+29,2
48+12,7
48+46,5
48+64,1
48+59,5
48+34,2
48+35,4
48+57,5
48+62,4
48+27,4
48+33,6
48+25,5
48+55,3
48+13,3
48+5,4
48+31,1
48+47,4
48+60,6
48+3,2
48+40,6
48+45,5
48+23,3
43+61,2
43+38,6
43+16,2
43+51,1
43+10,2
43+9,2
43+21,1
43+63,3
43+14,1
43+6,1
43+36,1
43+65,1
43+30,5
43+24,1
43+4,3
43+41,2
43+58,1
43+52,3
43+19,3
43+32,2
43+44,2
43+20,2
43+17,1
43+39,2
43+42,1
43+29,3
43+15,2
43+46,1
43+64,1
43+34,1
43+35,1
43+8,3
43+57,1
43+62,3
43+33,3
43+49,3
43+50,1
43+37,1
43+25,4
43+55,2
43+13,2
43+5,1
43+31,1
43+47,1
43+60,6
43+3,1
43+40,2
43+1,3
43+45,1
43+23,3
36+61,4
36+16,3
36+7,1
36+56,3
36+51,2
36+10,3
36+26,4
36+21,4
36+63,2
36+14,1
36+48,6
36+43,1
36+54,3
36+53,3
36+65,2
36+4,3
36+58,3
36+18,1
36+52,4
36+28,6
36+2,3
36+19,2
36+32,4
36+20,3
36+17,2
36+39,2
36+42,2
36+15,3
36+12,4
36+46,4
36+64,3
36+59,2
36+34,1
36+35,1
36+8,3
36+11,1
36+62,1
36+27,2
36+33,3
36+49,3
36+25,2
36+13,3
36+5,3
36+31,1
36+47,1
36+3,2
36+40,5
36+45,4
36+23,4
54+61,5
54+38,2
54+16,4
54+7,2
54+56,3
54+51,4
54+10,1
54+26,3
54+9,4
54+21,4
54+63,3
54+48,4
54+43,4
54+65,3
54+30,1
54+24,3
54+4,4
54+41,2
54+18,5
54+52,3
54+28,5
54+2,3
54+19,5
54+32,4
54+44,1
54+17,3
54+39,6
54+42,4
54+29,2
54+15,3
54+46,3
54+64,3
54+59,4
54+34,3
54+35,2
54+8,3
54+11,4
54+62,6
54+49,1
54+50,3
54+25,3
54+55,2
54+13,3
54+31,1
54+60,5
54+3,1
54+1,3
54+45,2
54+23,5
53+61,4
53+7,4
53+56,3
53+51,2
53+26,4
53+21,4
53+63,2
53+14,3
53+6,2
53+48,4
53+43,1
53+65,2
53+24,2
53+4,3
53+41,4
53+58,3
53+28,2
53+2,4
53+19,1
53+32,4
53+22,2
53+44,2
53+20,5
53+17,4
53+39,1
53+42,1
53+29,1
53+15,4
53+12,2
53+46,3
53+64,2
53+34,4
53+8,4
53+11,4
53+57,2
53+62,1
53+27,3
53+33,2
53+49,2
53+50,3
53+37,1
53+55,3
53+13,3
53+5,3
53+31,5
53+40,3
53+1,5
53+23,3
65+61,2
65+38,2
65+7,4
65+56,1
65+51,1
65+10,1
65+26,4
65+9,2
65+63,2
65+6,1
65+48,4
65+43,1
65+54,3
65+53,2
65+30,1
65+24,6
65+4,1
65+41,2
65+18,3
65+52,2
65+28,4
65+2,3
65+19,2
65+32,2
65+44,2
65+20,2
65+17,2
65+42,4
65+29,2
65+15,1
65+12,4
65+46,4
65+35,3
65+57,2
65+62,3
65+27,3
65+33,2
65+49,3
65+37,2
65+25,1
65+55,2
65+13,2
65+5,2
65+47,3
65+60,3
65+3,1
65+40,3
65+1,3
65+45,3
30+61,2
30+16,2
30+7,1
30+51,2
30+10,4
30+26,2
30+9,2
30+21,2
30+63,3
30+14,2
30+6,1
30+48,1
30+36,4
30+53,3
30+65,1
30+24,1
30+4,3
30+41,1
30+58,2
30+2,1
30+19,2
30+32,3
30+44,1
30+20,4
30+17,2
30+39,1
30+42,2
30+15,5
30+12,4
30+46,1
30+64,6
30+59,1
30+34,1
30+35,2
30+8,2
30+11,2
30+62,2
30+27,3
30+33,3
30+49,3
30+50,3
30+37,1
30+25,3
30+55,1
30+13,2
30+5,1
30+31,1
30+47,1
30+60,5
30+40,3
30+45,2
24+61,2
24+38,2
24+7,1
24+56,1
24+51,2
24+10,1
24+26,5
24+9,1
24+21,1
24+63,2
24+6,1
24+48,4
24+43,1
24+36,3
24+54,3
24+53,2
24+65,6
24+41,4
24+18,3
24+52,1
24+28,3
24+2,4
24+19,3
24+32,3
24+44,3
24+20,3
24+17,3
24+39,1
24+42,2
24+29,2
24+12,4
24+46,4
24+59,2
24+34,2
24+35,2
24+11,2
24+57,4
24+62,3
24+27,3
24+33,1
24+49,6
24+37,2
24+25,1
24+55,1
24+13,4
24+5,1
24+60,4
24+3,3
24+40,2
24+1,3
24+45,3
24+23,1
4+61,4
4+38,4
4+16,5
4+56,3
4+51,2
4+10,2
4+26,1
4+21,8
4+63,3
4+14,3
4+48,4
4+36,3
4+54,4
4+65,1
4+30,3
4+24,2
4+41,3
4+58,3
4+18,2
4+28,5
4+2,5
4+19,3
4+32,5
4+20,1
4+17,1
4+39,6
4+42,2
4+29,3
4+12,4
4+46,3
4+64,4
4+59,4
4+35,3
4+8,4
4+27,2
4+33,2
4+50,3
4+37,1
4+25,3
4+55,1
4+13,2
4+5,7
4+31,4
4+3,1
4+40,2
4+1,1
4+45,4
4+23,2
41+61,2
41+38,4
41+16,2
41+7,2
41+51,2
41+10,2
41+26,4
41+9,5
41+21,2
41+14,1
41+6,2
41+43,2
41+36,1
41+54,2
41+53,4
41+65,2
41+24,4
41+4,3
41+18,2
41+28,2
41+2,6
41+19,4
41+32,3
41+44,3
41+20,3
41+17,2
41+39,1
41+42,3
41+29,3
41+12,2
41+46,3
41+34,3
41+35,2
41+8,3
41+57,2
41+62,1
41+27,3
41+33,3
41+49,5
41+50,3
41+55,2
41+5,4
41+60,3
41+1,2
41+45,1
41+23,2
58+61,3
58+38,1
58+16,4
58+7,1
58+56,3
58+51,3
58+10,2
58+26,3
58+9,3
58+21,4
58+63,2
58+14,1
58+6,1
58+48,4
58+54,1
58+53,3
58+65,3
58+30,2
58+24,3
58+18,3
58+52,1
58+2,3
58+32,4
58+22,2
58+44,2
58+20,1
58+17,3
58+39,1
58+42,2
58+29,2
58+15,3
58+12,4
58+46,5
58+64,3
58+59,2
58+34,1
58+11,2
58+57,2
58+27,2
58+33,4
58+49,3
58+37,1
58+25,1
58+13,2
58+5,4
58+31,1
58+47,2
58+3,2
58+40,3
58+1,5
58+45,4
58+23,2
18+38,4
18+56,2
18+10,6
18+9,8
18+21,5
18+63,1
18+6,5
18+48,4
18+43,3
18+36,1
18+54,5
18+65,3
18+24,3
18+4,2
18+52,3
18+28,5
18+19,6
18+32,2
18+22,2
18+44,4
18+17,1
18+29,2
18+15,4
18+64,4
18+59,2
18+34,1
18+35,3
18+11,4
18+57,2
18+27,4
18+33,7
18+49,2
18+50,4
18+37,3
18+25,5
18+55,1
18+5,5
18+31,1
18+47,7
18+60,3
18+3,5
18+1,6
18+45,5
18+23,4
52+61,2
52+38,3
52+16,4
52+7,2
52+51,5
52+10,3
52+26,3
52+9,1
52+21,2
52+63,2
52+14,1
52+48,1
52+43,3
52+36,4
52+54,3
52+30,2
52+24,1
52+4,2
52+58,1
52+18,3
52+28,4
52+2,1
52+19,2
52+32,2
52+44,2
52+17,1
52+39,2
52+15,1
52+46,3
52+64,1
52+59,1
52+35,2
52+8,1
52+62,1
52+27,2
52+33,3
52+49,1
52+50,1
52+25,3
52+13,1
52+5,1
52+60,4
52+3,2
52+40,2
52+1,4
52+45,1
52+23,4
28+61,6
28+38,7
28+16,3
28+26,3
28+9,8
28+21,5
28+14,3
28+48,4
28+43,2
28+36,6
28+54,5
28+53,2
28+65,4
28+30,3
28+4,5
28+41,2
28+58,2
28+18,5
28+2,6
28+19,5
28+44,3
28+42,4
28+29,5
28+15,4
28+12,7
28+46,6
28+34,2
28+35,5
28+8,3
28+11,2
28+27,5
28+49,3
28+25,2
28+55,2
28+13,2
28+5,7
28+31,1
28+47,5
28+60,6
28+3,1
28+40,4
28+1,2
28+45,7
28+23,3
2+61,4
2+38,6
2+16,3
2+56,2
2+51,2
2+10,7
2+26,7
2+21,5
2+63,2
2+6,5
2+48,6
2+43,1
2+36,3
2+54,3
2+53,4
2+65,3
2+4,5
2+18,8
2+52,1
2+28,6
2+19,5
2+32,3
2+22,3
2+17,2
2+39,3
2+42,8
2+29,5
2+15,2
2+12,4
2+34,3
2+8,4
2+57,2
2+27,6
2+33,4
2+49,3
2+50,9
2+37,2
2+25,3
2+55,1
2+5,6
2+47,6
2+60,3
2+3,3
2+40,5
2+1,5
2+45,7
19+61,6
19+38,3
19+51,1
19+10,2
19+26,5
19+9,5
19+21,3
19+6,5
19+48,4
19+43,3
19+36,2
19+54,5
19+53,1
19+30,2
19+24,3
19+4,3
19+41,4
19+18,6
19+52,2
19+28,5
19+32,1
19+22,3
19+44,3
19+20,4
19+17,4
19+39,2
19+42,5
19+29,3
19+12,6
19+46,4
19+64,4
19+59,2
19+34,1
19+35,5
19+8,5
19+57,1
19+62,2
19+27,3
19+49,2
19+50,2
19+25,3
19+13,3
19+5,6
19+47,5
19+60,4
19+3,1
19+23,2
32+61,4
32+38,3
32+16,1
32+7,1
32+56,2
32+51,2
32+26,3
32+9,4
32+21,4
32+63,2
32+14,2
32+6,1
32+54,4
32+53,4
32+65,2
32+24,3
32+4,5
32+58,4
32+18,2
32+28,5
32+2,3
32+19,1
32+20,2
32+17,1
32+39,3
32+42,3
32+29,1
32+15,3
32+12,4
32+46,4
32+64,4
32+59,1
32+34,1
32+35,2
32+8,1
32+11,1
32+57,2
32+27,1
32+33,3
32+49,2
32+50,1
32+25,2
32+55,1
32+13,1
32+5,2
32+31,1
32+60,5
32+3,2
32+40,3
32+1,3
32+45,1
32+23,3
22+61,2
22+16,3
22+56,4
22+51,5
22+10,4
22+26,5
22+9,2
22+14,1
22+6,3
22+48,1
22+43,2
22+36,1
22+54,3
22+65,1
22+30,2
22+24,1
22+58,2
22+18,2
22+52,2
22+28,3
22+2,3
22+19,3
22+44,3
22+17,2
22+39,3
22+42,3
22+29,2
22+15,2
22+46,2
22+64,3
22+8,3
22+11,4
22+62,3
22+27,2
22+49,2
22+50,3
22+37,2
22+25,3
22+55,2
22+13,3
22+5,4
22+31,1
22+47,1
22+60,2
22+3,1
22+40,3
22+1,4
22+45,1
44+61,1
44+38,2
44+16,4
44+7,3
44+56,2
44+51,5
44+10,2
44+26,5
44+9,5
44+63,1
44+6,2
44+48,1
44+43,2
44+54,1
44+53,2
44+65,2
44+30,1
44+24,3
44+41,3
44+58,2
44+18,4
44+52,2
44+28,3
44+2,4
44+19,3
44+22,3
44+20,1
44+29,3
44+15,1
44+46,3
44+64,3
44+34,2
44+57,2
44+62,2
44+27,2
44+33,4
44+49,3
44+50,3
44+25,1
44+55,2
44+13,3
44+5,2
44+47,3
44+60,3
44+3,3
44+40,2
44+1,3
20+61,4
20+38,4
20+16,3
20+7,4
20+56,1
20+51,1
20+10,3
20+26,4
20+21,3
20+14,2
20+6,1
20+48,5
20+43,2
20+53,5
20+65,2
20+24,3
20+4,1
20+41,3
20+18,2
20+28,1
20+19,4
20+44,1
20+17,5
20+42,3
20+15,3
20+12,6
20+46,2
20+64,1
20+59,1
20+34,3
20+35,3
20+8,2
20+11,2
20+57,3
20+62,2
20+27,1
20+33,3
20+49,4
20+50,1
20+37,1
20+25,5
20+55,3
20+13,2
20+5,2
20+47,1
20+40,1
20+45,3
17+61,4
17+38,2
17+16,4
17+7,2
17+56,3
17+51,3
17+10,1
17+26,2
17+9,4
17+21,3
17+48,2
17+43,1
17+53,4
17+65,2
17+30,2
17+24,3
17+41,2
17+58,3
17+18,1
17+52,1
17+28,4
17+2,2
17+19,4
17+22,2
17+44,3
17+20,5
17+39,1
17+42,2
17+29,3
17+15,2
17+12,4
17+46,4
17+64,2
17+59,1
17+34,1
17+35,2
17+8,1
17+11,3
17+57,3
17+62,2
17+27,3
17+33,3
17+49,4
17+37,2
17+25,2
17+55,4
17+13,2
17+5,6
17+47,1
17+60,1
17+1,3
17+23,1
39+61,3
39+38,1
39+16,4
39+56,1
39+51,3
39+10,2
39+26,2
39+9,4
39+21,3
39+63,3
39+14,3
39+48,3
39+36,2
39+54,6
39+30,1
39+24,1
39+4,6
39+41,1
39+58,1
39+18,3
39+52,2
39+28,4
39+2,3
39+19,2
39+32,3
39+22,3
39+17,1
39+42,1
39+29,2
39+15,2
39+46,1
39+64,1
39+59,4
39+35,2
39+8,2
39+11,2
39+62,2
39+27,2
39+33,3
39+50,2
39+25,2
39+55,1
39+13,1
39+5,3
39+31,2
39+60,4
39+3,1
39+40,3
39+45,2
39+23,2
42+61,4
42+38,2
42+16,1
42+56,2
42+51,2
42+10,5
42+26,4
42+9,4
42+21,3
42+63,1
42+6,2
42+43,1
42+54,4
42+53,1
42+65,4
42+30,2
42+4,2
42+41,3
42+18,6
42+52,1
42+28,4
42+2,8
42+19,5
42+32,3
42+22,3
42+44,1
42+20,3
42+17,2
42+39,1
42+29,1
42+15,5
42+12,5
42+59,1
42+35,5
42+8,1
42+11,1
42+27,4
42+33,3
42+49,2
42+50,4
42+37,2
42+25,1
42+55,1
42+13,2
42+5,4
42+31,1
42+47,4
42+60,2
42+45,6
29+61,1
29+38,4
29+16,3
29+7,1
29+56,2
29+10,3
29+26,3
29+9,6
29+21,1
29+14,1
29+6,2
29+48,2
29+43,3
29+36,1
29+54,2
29+65,2
29+30,1
29+24,2
29+4,3
29+41,3
29+58,2
29+28,5
29+2,5
29+19,3
29+32,1
29+22,2
29+44,3
29+17,3
29+39,2
29+42,1
29+15,1
29+12,3
29+46,4
29+64,1
29+34,1
29+35,1
29+8,2
29+57,2
29+27,2
29+33,1
29+49,2
29+37,2
29+25,1
29+55,2
29+13,2
29+5,4
29+47,2
29+60,2
29+3,1
29+40,1
29+1,1
29+45,2
15+61,4
15+16,1
15+56,5
15+51,1
15+10,3
15+26,1
15+9,6
15+21,3
15+63,3
15+14,3
15+6,3
15+43,2
15+54,3
15+53,4
15+30,5
15+4,3
15+41,3
15+58,3
15+18,4
15+2,2
15+19,4
15+32,3
15+22,2
15+44,1
15+17,2
15+42,5
15+29,1
15+12,4
15+46,2
15+64,4
15+59,2
15+34,1
15+35,3
15+8,2
15+11,2
15+62,1
15+27,2
15+33,3
15+49,2
15+50,4
15+25,3
15+55,2
15+13,3
15+5,5
15+31,2
15+47,4
15+45,5
15+23,2
12+61,3
12+38,3
12+16,5
12+56,2
12+51,1
12+9,6
12+21,6
12+63,3
12+14,2
12+6,3
12+48,7
12+43,4
12+54,5
12+53,2
12+65,4
12+30,4
12+24,4
12+4,4
12+41,2
12+18,4
12+52,1
12+2,4
12+19,6
12+44,1
12+20,6
12+17,4
12+39,1
12+42,5
12+46,6
12+64,4
12+59,2
12+34,2
12+35,3
12+8,2
12+11,1
12+57,5
12+49,4
12+37,4
12+25,2
12+55,3
12+13,5
12+5,6
12+47,2
12+60,3
12+3,2
12+40,4
12+45,5
12+23,2
46+61,3
46+38,5
46+16,6
46+7,2
46+56,2
46+51,2
46+10,1
46+26,5
46+9,4
46+21,2
46+63,2
46+14,3
46+6,1
46+48,5
46+43,1
46+54,3
46+53,3
46+30,1
46+24,4
46+41,3
46+58,5
46+18,1
46+52,3
46+28,6
46+2,4
46+32,4
46+44,3
46+20,2
46+17,4
46+39,1
46+42,2
46+29,4
46+12,6
46+64,3
46+34,1
46+8,1
46+11,2
46+27,2
46+33,4
46+25,3
46+55,3
46+13,4
46+5,4
46+47,4
46+60,4
46+3,2
46+40,2
46+1,4
46+45,2
46+23,3
64+61,2
64+16,3
64+56,4
64+51,4
64+10,4
64+26,3
64+9,5
64+21,4
64+63,2
64+6,3
64+48,1
64+36,3
64+54,3
64+53,2
64+65,1
64+30,6
64+24,1
64+4,4
64+41,1
64+58,3
64+18,4
64+28,5
64+2,4
64+32,4
64+44,3
64+20,1
64+17,2
64+42,4
64+29,1
64+15,4
64+12,4
64+46,3
64+59,2
64+34,1
64+35,2
64+8,2
64+11,3
64+57,1
64+27,4
64+50,7
64+37,3
64+25,3
64+5,5
64+47,4
64+60,5
64+3,2
64+40,3
59+61,2
59+16,5
59+51,3
59+10,2
59+26,5
59+9,3
59+21,5
59+63,2
59+14,2
59+48,5
59+36,2
59+54,4
59+53,2
59+65,1
59+30,1
59+24,2
59+4,4
59+41,2
59+58,2
59+18,2
59+52,1
59+28,2
59+2,2
59+19,2
59+32,1
59+17,1
59+39,4
59+42,1
59+29,1
59+12,2
59+46,2
59+64,2
59+34,3
59+35,1
59+11,2
59+57,1
59+62,3
59+27,5
59+33,2
59+50,2
59+13,1
59+31,2
59+60,4
59+3,3
59+40,3
59+45,3
59+23,3
34+61,5
34+38,2
34+16,3
34+7,4
34+56,1
34+51,3
34+10,2
34+26,3
34+9,3
34+14,2
34+48,2
34+43,1
34+36,1
34+54,3
34+53,4
34+65,2
34+24,2
34+41,3
34+18,1
34+28,2
34+2,3
34+19,1
34+32,1
34+22,1
34+44,2
34+20,3
34+42,1
34+29,1
34+15,1
34+12,2
34+46,1
34+64,1
34+35,2
34+8,2
34+11,3
34+57,1
34+62,4
34+33,2
34+49,4
34+13,4
34+31,1
34+47,4
34+60,1
34+40,1
34+1,4
34+45,2
34+23,2
35+61,3
35+38,3
35+16,4
35+10,2
35+26,2
35+21,3
35+14,3
35+6,3
35+48,4
35+54,2
35+53,3
35+30,2
35+4,3
35+41,2
35+18,3
35+52,2
35+28,5
35+2,6
35+19,5
35+32,2
35+22,2
35+20,3
35+17,2
35+39,2
35+42,5
35+29,1
35+15,3
35+12,3
35+46,2
35+59,1
35+34,2
35+8,1
35+11,1
35+62,2
35+27,6
35+33,2
35+49,2
35+50,3
35+55,1
35+5,4
35+31,3
35+47,5
35+60,3
35+3,2
35+40,3
35+1,4
35+45,5
35+23,1
8+61,4
8+38,3
8+16,3
8+7,1
8+51,2
8+10,1
8+26,2
8+9,3
8+21,2
8+63,2
8+14,1
8+6,3
8+48,3
8+43,3
8+36,3
8+54,3
8+24,1
8+4,4
8+41,3
8+58,2
8+18,1
8+52,1
8+28,3
8+2,4
8+19,5
8+32,1
8+22,3
8+20,2
8+39,2
8+42,1
8+15,2
8+12,2
8+46,1
8+64,2
8+59,1
8+34,2
8+57,1
8+62,3
8+27,1
8+49,3
8+50,3
8+37,3
8+25,1
8+55,1
8+13,2
8+5,4
8+31,1
8+47,3
8+3,1
8+1,3
8+23,3
11+61,4
11+16,2
11+7,1
11+56,4
11+51,3
11+10,4
11+26,3
11+9,3
11+63,3
11+6,2
11+43,3
11+36,1
11+53,4
11+30,2
11+24,2
11+41,2
11+58,2
11+18,4
11+28,2
11+19,2
11+32,1
11+22,4
11+44,2
11+39,2
11+42,1
11+29,1
11+15,2
11+12,1
11+46,2
11+64,3
11+59,2
11+34,3
11+8,2
11+62,5
11+33,3
11+49,3
11+50,5
11+37,1
11+25,3
11+55,1
11+5,3
11+31,2
11+60,1
11+3,4
11+40,3
11+1,3
11+45,2
11+23,2
57+61,1
57+38,2
57+16,3
57+51,1
57+9,2
57+21,1
57+63,1
57+6,1
57+48,5
57+43,1
57+36,2
57+53,2
57+65,2
57+24,4
57+41,2
57+58,2
57+18,2
57+28,3
57+2,2
57+44,2
57+20,3
57+17,3
57+29,2
57+12,5
57+46,3
57+64,1
57+59,1
57+34,1
57+62,2
57+27,3
57+33,2
57+49,4
57+37,3
57+25,2
57+55,2
57+13,4
57+5,1
57+60,2
57+3,3
57+40,2
57+1,2
57+45,1
57+23,1
62+61,3
62+38,2
62+16,6
62+7,3
62+56,5
62+51,4
62+26,4
62+9,2
62+21,3
62+63,5
62+6,1
62+48,4
62+43,3
62+36,1
62+54,6
62+65,3
62+30,2
62+24,3
62+41,1
62+52,1
62+28,4
62+2,4
62+32,1
62+22,3
62+44,2
62+39,2
62+42,4
62+15,1
62+12,4
62+46,3
62+59,3
62+35,2
62+8,3
62+11,5
62+57,2
62+33,5
62+50,4
62+37,5
62+25,4
62+55,2
62+13,4
62+47,4
62+60,4
62+3,2
62+40,1
62+1,4
62+45,4
62+23,4
27+61,3
27+38,3
27+7,2
27+56,2
27+51,5
27+26,6
27+9,4
27+21,3
27+14,4
27+48,4
27+43,1
27+36,2
27+54,1
27+53,3
27+30,3
27+4,2
27+41,3
27+58,2
27+52,2
27+28,5
27+2,6
27+32,1
27+22,2
27+20,1
27+17,3
27+39,2
27+42,4
27+29,2
27+15,2
27+12,1
27+59,5
27+34,3
27+35,6
27+11,1
27+57,3
27+62,4
27+33,5
27+49,3
27+50,6
27+37,4
27+5,5
27+31,1
27+47,4
27+60,6
27+40,3
27+1,4
27+45,3
33+61,5
33+38,3
33+16,6
33+7,4
33+56,3
33+51,6
33+10,3
33+26,4
33+9,3
33+21,4
33+63,2
33+6,1
33+48,6
33+43,3
33+54,5
33+65,2
33+30,3
33+24,1
33+4,2
33+58,4
33+18,7
33+52,3
33+2,4
33+32,3
33+22,2
33+44,4
33+20,3
33+39,3
33+64,3
33+59,2
33+34,2
33+35,2
33+11,3
33+57,2
33+62,5
33+27,5
33+49,3
33+50,3
33+25,4
33+55,3
33+5,5
33+47,2
33+60,8
33+40,5
33+1,4
33+45,3
33+23,4
49+38,4
49+16,5
49+7,2
49+51,2
49+10,2
49+26,4
49+9,3
49+63,1
49+14,1
49+6,1
49+43,3
49+36,3
49+54,1
49+53,2
49+65,3
49+24,6
49+41,5
49+58,3
49+18,2
49+52,1
49+28,3
49+2,3
49+19,2
49+32,2
49+22,2
49+44,3
49+20,4
49+17,4
49+42,2
49+15,2
49+12,4
49+46,3
49+59,1
49+34,4
49+35,2
49+11,3
49+57,4
49+62,4
49+33,3
49+37,2
49+25,1
49+55,2
49+13,4
49+5,3
49+47,1
49+60,3
49+40,1
49+1,3
49+45,2
49+23,3
50+61,2
50+16,3
50+7,1
50+56,4
50+51,2
50+10,3
50+26,5
50+9,5
50+21,2
50+63,4
50+6,4
50+48,2
50+43,1
50+36,4
50+54,3
50+53,3
50+65,2
50+30,3
50+4,3
50+41,3
50+58,2
50+18,4
50+52,1
50+28,5
50+2,9
50+32,1
50+17,2
50+42,4
50+29,2
50+15,4
50+12,2
50+46,4
50+59,2
50+8,3
50+11,5
50+57,2
50+62,4
50+27,6
50+33,3
50+49,2
50+37,2
50+25,2
50+5,5
50+47,5
50+3,3
50+40,3
50+1,2
50+45,4
37+61,2
37+38,2
37+56,1
37+51,2
37+26,2
37+21,2
37+63,2
37+6,2
37+48,3
37+43,1
37+36,2
37+54,3
37+65,2
37+30,1
37+24,2
37+4,1
37+58,1
37+18,3
37+28,3
37+2,2
37+32,1
37+22,2
37+20,1
37+17,2
37+39,1
37+42,2
37+12,4
37+64,3
37+8,3
37+11,1
37+57,3
37+62,5
37+27,4
37+49,2
37+25,2
37+55,1
37+13,2
37+5,3
37+47,1
37+60,2
37+3,2
37+1,1
37+23,2
25+16,4
25+7,3
25+56,3
25+51,3
25+10,2
25+26,6
25+21,5
25+63,2
25+14,2
25+6,1
25+48,5
25+43,4
25+36,2
25+30,3
25+24,1
25+4,3
25+18,5
25+28,2
25+22,3
25+44,1
25+20,5
25+17,2
25+39,2
25+42,1
25+29,1
25+15,3
25+46,3
25+64,3
25+59,1
25+34,1
25+35,3
25+8,1
25+11,3
25+57,2
25+62,4
25+27,2
25+33,4
25+50,2
25+37,2
25+55,2
25+13,4
25+31,2
25+47,2
25+60,5
25+3,3
25+40,2
25+1,5
25+45,2
25+23,5
55+61,2
55+38,3
55+16,2
55+7,3
55+56,1
55+51,2
55+9,3
55+21,1
55+63,2
55+14,1
55+48,3
55+43,2
55+54,2
55+65,2
55+30,1
55+24,1
55+41,2
55+58,2
55+18,1
55+28,2
55+2,1
55+22,2
55+44,2
55+20,3
55+17,4
55+39,1
55+42,1
55+29,2
55+15,2
55+12,3
55+46,3
55+34,2
55+35,1
55+8,1
55+11,1
55+57,2
55+62,2
55+27,1
55+33,3
55+49,2
55+37,1
55+25,2
55+13,1
55+5,2
55+47,1
55+60,1
55+40,2
55+1,4
13+61,3
13+16,5
13+7,2
13+56,3
13+51,4
13+10,2
13+9,2
13+63,1
13+14,1
13+48,3
13+43,2
13+36,3
13+54,3
13+53,3
13+30,2
13+24,4
13+4,2
13+41,2
13+18,2
13+52,1
13+28,2
13+2,3
13+32,1
13+22,3
13+44,3
13+20,2
13+39,1
13+42,2
13+29,2
13+15,3
13+12,5
13+46,4
13+64,3
13+59,1
13+34,4
13+35,2
13+8,2
13+11,5
13+57,4
13+62,4
13+33,2
13+49,4
13+37,2
13+25,4
13+55,1
13+5,3
13+3,4
13+40,3
13+1,3
13+45,3
5+61,8
5+38,2
5+16,4
5+56,4
5+51,3
5+10,4
5+26,1
5+9,8
5+48,4
5+43,1
5+54,4
5+53,3
5+65,2
5+30,1
5+24,1
5+4,7
5+41,4
5+58,4
5+18,5
5+52,1
5+28,7
5+2,6
5+19,6
5+32,2
5+22,4
5+20,2
5+17,6
5+42,4
5+29,4
5+12,6
5+46,4
5+64,5
5+59,3
5+34,2
5+35,4
5+8,4
5+57,1
5+27,5
5+49,3
5+37,3
5+55,2
5+31,2
5+47,3
5+40,2
5+1,4
5+45,3
5+23,2
31+61,2
31+38,1
31+56,2
31+51,1
31+10,2
31+26,1
31+21,5
31+14,3
31+6,1
31+48,1
31+43,1
31+36,1
31+53,5
31+30,1
31+24,1
31+4,4
31+41,1
31+58,1
31+18,1
31+28,1
31+2,2
31+19,1
31+32,1
31+22,1
31+20,2
31+17,1
31+39,2
31+42,1
31+15,2
31+12,1
31+59,2
31+34,1
31+35,3
31+8,1
31+11,2
31+27,1
31+50,1
31+13,2
31+5,2
31+3,3
31+40,2
31+1,1
31+45,3
31+23,2
47+61,2
47+38,5
47+7,3
47+56,1
47+10,2
47+26,6
47+9,7
47+21,2
47+63,1
47+14,1
47+6,4
47+36,1
47+54,4
47+53,4
47+65,3
47+30,1
47+4,2
47+41,5
47+18,7
47+28,5
47+2,6
47+19,5
47+32,2
47+22,1
47+44,3
47+17,1
47+42,4
47+29,2
47+12,2
47+46,4
47+64,4
47+34,4
47+8,3
47+11,3
47+62,4
47+27,4
47+33,2
47+50,5
47+37,1
47+55,1
47+31,1
47+60,3
47+3,3
47+1,3
47+23,5
60+61,2
60+38,5
60+16,5
60+7,1
60+51,5
60+10,2
60+26,6
60+9,1
60+21,5
60+63,3
60+14,1
60+48,6
60+43,6
60+36,4
60+54,5
60+65,3
60+30,5
60+4,5
60+58,4
60+2,3
60+32,5
60+44,3
60+17,1
60+39,4
60+42,2
60+29,2
60+46,4
60+59,4
60+34,1
60+35,3
60+11,1
60+57,2
60+62,4
60+27,6
60+33,8
60+49,3
60+50,4
60+25,5
60+13,2
60+5,1
60+31,1
60+3,4
60+40,6
60+1,3
60+23,6
3+61,1
3+38,4
3+16,5
3+7,1
3+10,5
3+26,5
3+9,4
3+14,2
3+6,1
3+48,2
3+43,1
3+36,2
3+53,3
3+65,1
3+30,2
3+24,3
3+4,1
3+58,2
3+18,5
3+52,2
3+28,1
3+2,3
3+32,2
3+22,1
3+44,3
3+20,3
3+17,2
3+39,1
3+12,2
3+46,2
3+64,2
3+59,3
3+34,2
3+35,2
3+11,4
3+57,3
3+62,2
3+27,4
3+33,6
3+49,4
3+50,3
3+37,2
3+5,2
3+60,4
3+40,4
3+1,2
3+45,1
3+23,4
40+61,2
40+16,1
40+56,4
40+51,3
40+10,5
40+9,3
40+21,3
40+63,3
40+14,2
40+6,3
40+48,6
40+43,2
40+36,5
40+54,2
40+53,3
40+65,3
40+30,3
40+4,2
40+58,3
40+18,5
40+52,2
40+2,5
40+19,3
40+32,3
40+22,3
40+44,2
40+20,1
40+39,3
40+42,4
40+29,1
40+15,4
40+12,4
40+46,2
40+64,3
40+35,3
40+11,3
40+57,2
40+62,1
40+27,3
40+33,5
40+49,1
40+50,3
40+25,2
40+55,2
40+5,2
40+31,2
40+60,6
40+3,4
40+45,5
40+23,3
1+61,4
1+38,4
1+16,5
1+7,6
1+56,5
1+51,7
1+10,5
1+21,3
1+63,2
1+14,2
1+6,2
1+48,6
1+43,3
1+54,3
1+53,5
1+24,3
1+52,4
1+28,2
1+19,4
1+32,3
1+22,4
1+44,3
1+20,6
1+17,3
1+29,1
1+15,4
1+12,4
1+46,4
1+64,3
1+59,1
1+8,3
1+11,3
1+57,2
1+62,4
1+27,4
1+49,3
1+50,2
1+37,1
1+25,5
1+13,3
1+5,4
1+31,1
1+47,3
1+60,3
1+40,3
1+45,2
1+23,3
45+61,4
45+38,2
45+16,3
45+56,3
45+51,1
45+10,4
45+26,3
45+21,4
45+63,2
45+14,2
45+6,2
45+48,5
45+43,1
45+36,4
45+54,2
45+53,2
45+65,3
45+30,2
45+4,4
45+41,1
45+18,5
45+52,1
45+2,7
45+19,3
45+32,1
45+22,1
45+44,2
45+39,2
45+42,6
45+29,2
45+15,5
45+12,5
45+46,2
45+59,3
45+34,2
45+35,5
45+11,2
45+27,3
45+33,3
45+49,2
45+50,4
45+25,2
45+13,3
45+5,3
45+31,3
45+47,3
45+3,1
45+40,5
45+23,3
23+38,2
23+16,4
23+7,3
23+56,2
23+51,6
23+10,2
23+26,8
23+9,3
23+21,5
23+6,1
23+43,3
23+36,4
23+54,5
23+53,3
23+4,2
23+58,2
23+18,4
23+52,4
23+28,3
23+2,2
23+32,3
23+22,2
23+44,3
23+17,1
23+39,2
23+15,2
23+46,3
23+64,3
23+59,3
23+34,2
23+35,1
23+8,3
23+11,2
23+62,4
23+50,3
23+37,2
23+25,5
23+13,4
23+31,2
23+3,4
23+40,3
23+1,3
82+76,2
82+79,2
82+80,1
82+83,1
82+77,1
82+75,2
82+70,1
76+82,2
76+79,1
76+72,1
76+66,1
76+83,1
76+77,1
76+69,1
76+70,1
76+68,2
76+78,1
79+80,1
79+66,1
79+73,1
79+83,3
79+77,1
79+75,1
79+81,1
79+70,1
79+68,1
72+76,1
72+66,2
72+73,1
72+84,1
72+71,3
72+74,2
72+69,1
72+68,1
80+82,1
80+66,2
80+73,1
80+67,1
80+84,1
80+71,3
80+74,4
80+75,1
66+82,2
66+76,1
66+79,1
66+80,2
66+77,3
66+71,1
66+74,4
66+69,1
66+75,2
73+79,1
73+72,1
73+80,1
73+66,1
73+83,1
73+77,2
73+71,1
73+74,1
73+69,1
73+81,2
73+68,1
67+80,1
67+83,1
67+77,1
67+71,1
67+74,1
67+70,1
84+82,2
84+72,1
84+80,1
84+74,1
83+79,3
83+73,1
83+67,1
83+77,1
83+70,1
83+68,1
77+82,1
77+76,1
77+79,1
77+66,3
77+71,2
77+74,4
77+69,1
77+75,1
77+68,1
71+76,1
71+72,3
71+66,1
71+73,1
71+67,1
71+74,2
71+69,1
71+68,1
74+82,2
74+76,1
74+79,1
74+80,4
74+66,4
74+67,1
74+83,1
74+71,2
74+75,2
69+76,1
69+72,1
69+80,1
69+66,1
69+73,1
69+77,1
69+74,1
69+78,1
75+82,2
75+76,1
75+79,1
75+80,1
75+66,2
75+77,1
75+74,2
81+79,1
81+73,2
81+77,2
81+68,1
70+82,1
70+76,1
70+80,1
70+67,1
70+83,1
70+71,1
68+76,2
68+79,1
68+72,1
68+73,1
68+83,1
68+77,1
68+71,1
68+81,1
78+76,1
78+69,1
87+107,6
87+116,1
87+96,3
107+87,6
107+177,2
107+116,1
107+96,1
177+107,2
177+116,1
177+168,1
116+87,1
116+107,1
116+177,1
116+96,2
130+87,1
96+87,3
96+107,1
96+116,2
168+177,1
